[
  {
    "code": "BALI01",
    "name": "Bali Beach Escape",
    "length": 7,
    "start": "2025-06-01T00:00:00.000Z",
    "resort": "Bali Sunset Resort",
    "perPerson": 1299,
    "image": "bali.jpg",
    "description": "Relax on the beaches of Bali with guided tours and daily breakfast."
  },
  {
    "code": "PARIS2",
    "name": "Paris Weekend Getaway",
    "length": 3,
    "start": "2025-05-15T00:00:00.000Z",
    "resort": "Champs Elysees Hotel",
    "perPerson": 899,
    "image": "paris.jpg",
    "description": "Spend a long weekend exploring museums, cafes, and iconic landmarks."
  },
  {
    "code": "MTN99",
    "name": "Rocky Mountain Adventure",
    "length": 5,
    "start": "2025-09-10T00:00:00.000Z",
    "resort": "High Peaks Lodge",
    "perPerson": 1099,
    "image": "mountains.jpg",
    "description": "Guided hikes, campfires, and breathtaking mountain scenery."
  },
  {
    "code": "EGYPT1",
    "name": "Egypt Nile Cruise",
    "length": 8,
    "start": "2025-11-01T00:00:00.000Z",
    "resort": "Nile River Cruiser",
    "perPerson": 1899,
    "image": "egypt.jpg",
    "description": "Cruise the Nile, visit ancient temples, and explore Cairo."
  },
  {
    "code": "TOKYO5",
    "name": "Tokyo City Lights",
    "length": 6,
    "start": "2025-04-20T00:00:00.000Z",
    "resort": "Shinjuku Skyline Hotel",
    "perPerson": 1599,
    "image": "tokyo.jpg",
    "description": "Experience Japan's capital with guided tours and free exploration days."
  }
]